id,created_at,user,location,text,in_reply_to,reply_count,favorite_count,hashtags
1886404270418968782,2025-02-03 13:20:00+00:00,tempo.co,Indonesia,"Pemerintah Tolak Membayar Tunjangan Kinerja Dosen ASN
https://t.co/Qoz2GXW5XY",,33,909,[]
1883052605632610673,2025-01-25 07:21:41+00:00,Partai Demokrat,Jakarta Capital Region,"Tingkatkan Kesejahteraan Dosen, Demokrat Harap Tunjangan Kinerja Dosen ASN Segera Dibayarkan

""Kami mendukung segala upaya meningkatkan kualitas pendidikan tinggi, salah satunya pemenuhan dan peningkatan kesejahteraan dosen. Kami berharap masalah tunjangan kinerja dosen yang https://t.co/ovlzpl8pQc",,1,18,[]
1875097266215653555,2025-01-03 08:30:00+00:00,detikedu,,"Kemendiktisaintek (Kementerian Pendidikan Tinggi, Sains, dan Teknologi) bicara tentang nasib tukin (tunjangan kinerja) dosen ASN. Kemendiktisaintek menyebut tak ada anggaran untuk tukin di tahun 2025, namun mereka sudah mengusulkannya.

#detikedu #Kemendiktisaintek #ASN https://t.co/mBLi3HlHkd",,0,5,"['detikedu', 'Kemendiktisaintek', 'ASN']"
1874421387357765931,2025-01-01 11:44:18+00:00,MCR,,Bayarkan Tunjangan Kinerja Dosen ASN. Selayaknya ASN lain. Jangan buta mata mati hati @Kemdiktisaintek,,1,18,[]
1886614408425844768,2025-02-04 03:15:01+00:00,tempo.co,Indonesia,Kementerian Pendidikan Tinggi berkukuh tak membayar tunjangan kinerja dosen ASN pada 2020-2024. Apa saja alasannya? #TempoPlus https://t.co/VSqd2aU904,,0,2,['TempoPlus']
1882777875356717140,2025-01-24 13:10:00+00:00,tvOnenews,"Pulo Gadung, Indonesia","Komisi X DPR RI menggelar rapat tertutup dengan Mendiktisaintek Satryo Soemantri Brojonegoro setelah ramai dugaan berperilaku kasar terhadap staf kementerian, memecat secara sepihak, hingga soal tunjangan kinerja dosen ASN, Kamis (23/1).

Tonton video selengkapnya di https://t.co/CjcuU4nakm",,4,7,"['HardNews_Viral', 'FlashOne', 'CariBeritaditvOne', 'Kemendiktisaintek', 'DPR', 'FO04']"
1876890452265165220,2025-01-08 07:15:29+00:00,prajna,Jakarta Capital Region,"Jumlah dosen di Indonesia yang berada di bawah lingkungan Kementerian Pendidikan Tinggi, Sains, dan Teknologi

Sumber: Tempo (https://t.co/LwURijHpmz) https://t.co/QXVenotgbw",,1,29,[]
1876890940972876148,2025-01-08 07:17:25+00:00,prajna,Jakarta Capital Region,"Tunjangan kinerja dosen ASN

Sumber: Tempo (https://t.co/LwURijHpmz) https://t.co/oTLRJSncoB",1876890693190270990,0,1,[]
1878777836712161406,2025-01-13 12:15:16+00:00,Pejuang Tukin Dosen ASN Kemendiktisaintek,Negara tanpa Keadilan,"SIARAN PERS
Dari: Aliansi Dosen ASN Kemendiktisaintek Seluruh Indonesia (ADAKSI)  
Tanggal: [13 Januari2025] 

ADAKSI Desak Pemerintah Segera Membayarkan tunjangan kinerja Dosen ASN Kemdiktisaintek tahun 2025 sesuai peraturan perundangan yang berlaku: Mendorong Keadilan bagi",,8,376,[]
1875940753689743607,2025-01-05 16:21:43+00:00,prajna,Jakarta Capital Region,"Besaran tunjangan kinerja dosen ASN

Sumber: Kompas, 04-01-2025 https://t.co/tPes6h9OrQ",,0,1,[]
1879458185410670891,2025-01-15 09:18:44+00:00,DPC Partai Demokrat Kota Surabaya,Surabaya,"Tingkatkan Kesejahteraan Dosen, Tingkatkan Kualitas Pendidikan

Demi pendidikan tinggi yang lebih baik, Demokrat dorong tunjangan kinerja dosen ASN segera dibayarkan. Bramantyo Suwondo berharap langkah ini dapat segera diwujudkan dengan dukungan semua pihak.

#demokratsurabaya https://t.co/EP0XyMX1KE",,0,0,['demokratsurabaya']
1879483623465791935,2025-01-15 10:59:49+00:00,Harian Kompas,"Palmerah, Jakarta","Janji pemerintah untuk mulai membayarkan tunjangan kinerja dosen ASN  Kemendiktisaintek mulai januari 2025 tetap ditagih. Pemerintah diminta memperjuangkan anggaran. #Humaniora #AdadiKompas

https://t.co/S8TpraR4Tq",,0,1,"['Humaniora', 'AdadiKompas']"
1879868570462744932,2025-01-16 12:29:28+00:00,Fraksi PKB DPR RI,Jakarta,Komisi X Desak Mendikti Saintek Cairkan Tunjangan Kinerja Dosen ASN #Tukin #ASN #FraksiPKB https://t.co/FTdwsORSSU,,2,4,"['Tukin', 'ASN', 'FraksiPKB']"
1880539714845114692,2025-01-18 08:56:21+00:00,Nindya,,Pak Presiden @prabowo sudah 5 tahun tunjangan kinerja dosen asn Indonesia tidak dibayar pak #DosenDimiskinkanNegara #dosenbukansapiperah #SaifAliKhan #جمهور_الاهلي_يطالب_بالتدخل,,0,4,"['DosenDimiskinkanNegara', 'dosenbukansapiperah', 'SaifAliKhan', 'جمهور_الاهلي_يطالب_بالتدخل']"
1880094449902235672,2025-01-17 03:27:01+00:00,Jawa Pos,Jakarta,"Setelah Pembahasan Cukup Lama, Akhirnya Pemerintah Setujui Tunjangan Kinerja Dosen ASN

https://t.co/h6W6P9FhhQ",,0,4,[]
1882382518823084125,2025-01-23 10:59:00+00:00,fazar,"Cengkareng, Indonesia","Mendiktisaintek RI Satryo Soemantri Brodjonegoro bungkam dicecar awak media soal dugaan berperilaku kasar terhadap staf kementerian, memecat secara sepihak, hingga soal tunjangan kinerja dosen ASN.

Galaknya hilang? https://t.co/wyLpQTHC0L",,0,0,[]
1886729040788381899,2025-02-04 10:50:31+00:00,LPM Retorika FISIP UNAIR,Surabaya,"Baca selengkapnya di https://t.co/tw8HTBfQo2: (Liputan Khusus, Tunjangan Kinerja Dosen ASN: Masa Depan Pendidikan yang Terancam)
https://t.co/K3wZF7Cu0v",1886728754774597912,1,2,[]
1886302921454715078,2025-02-03 06:37:16+00:00,Solopos,"Solo, Central Java, Indonesia",Puluhan Dosen ISI Solo Gelar Aksi Damai Tuntut Pembayaran Tunjangan Kinerja Puluhan dosen termasuk Rektor ISI Solo menggelar aksi damai menuntut kejelasan soal tunjangan kinerja dosen ASN yang belum dicairkan sejak 2020. https://t.co/dmnma6gkWp https://t.co/fZOvlAdvJJ,,0,0,[]
1886742691742175381,2025-02-04 11:44:46+00:00,tempo.co,Indonesia,"Ratusan dosen berunjuk rasa di dekat kompleks Istana Kepresidenan, Jakarta Pusat, Senin kemarin.

Mereka menuntut pemerintah untuk membayar tunjangan kinerja yang belum dibayar sejak 2020 hingga tahun ini.
https://t.co/Qoz2GXW5XY",1886742687359099095,1,90,[]
1885255450477641944,2025-01-31 09:15:00+00:00,detikcom,,"Tunjangan kinerja dosen ASN di bawah Kemendiktisaintek hanya akan dibayarkan untuk tahun 2025. Tukin untuk 2020-2024 tidak dapat diberikan. Kenapa?

Via @detik_edu  https://t.co/4a1EtmsVlo",,0,4,[]
1879755974027997370,2025-01-16 05:02:03+00:00,Partai Demokrat,Jakarta Capital Region,"Tingkatkan Kesejahteraan Dosen, Demokrat Harap Tunjangan Kinerja Dosen ASN Segera Dibayarkan

""Kami mendukung segala upaya meningkatkan kualitas pendidikan tinggi, salah satunya pemenuhan dan peningkatan kesejahteraan dosen. Kami berharap masalah tunjangan kinerja dosen yang https://t.co/qVCSwVkoyh",,1,14,[]
1879483536052265117,2025-01-15 10:59:28+00:00,Kompas Data,"Palmerah, Jakarta","Janji pemerintah untuk mulai membayarkan tunjangan kinerja dosen ASN  Kemendiktisaintek mulai januari 2025 tetap ditagih. Pemerintah diminta memperjuangkan anggaran. #Humaniora #AdadiKompas  
  
https://t.co/pjgrUFtI2m",,0,0,"['Humaniora', 'AdadiKompas']"
1878545664071909409,2025-01-12 20:52:42+00:00,Adhe Aryswan,"Kota Batam, Kepulauan Riau","@BocorAlusPol Halo redaksi tempo @tempodotco , saya mau tanya mengenai berita ini:

https://t.co/canruEnUwt

Apa benar yang dihapus itu tunjangan kinerja dan tunjangan profesi? Atau hanya tunjangan kinerja saja seperti berita yg ramai? Karena setahu saya tunjangan profesi = sertifikasi dosen",1878397318254497832,1,6,[]
1878763369567817813,2025-01-13 11:17:47+00:00,BBC News Indonesia,London - Jakarta,"Sejumlah pengamat pendidikan menilai alasan Kemendikti Saintek tidak menganggarkan tunjangan kinerja dosen ASN karena perubahan nomenklatur, ""terlalu mengada-ada"". 

Sebab aturan tukin dosen ASN adalah amanat UU ASN tahun 2014.",1878763366837281143,3,18,[]
1880164388839260554,2025-01-17 08:04:56+00:00,DPC Demokrat Sumenep,"Kota Sumenep, Indonesia","Tingkatkan Kesejahteraan Dosen, Demokrat Harap Tunjangan Kinerja Dosen ASN Segera Dibayarkan

Bramantyo Suwondo
Anggota Komisi X DPR RI Fraksi Partai Demokrat
#demokratbersamarakyat 
#demokratjatim 
#demokratsumenep https://t.co/O8Promy0Qu",,0,0,"['demokratbersamarakyat', 'demokratjatim', 'demokratsumenep']"
1881936077906223141,2025-01-22 05:25:00+00:00,detikcom,,"Kemenkeu setujui tunjangan kinerja dosen ASN sebesar Rp2,5 triliun. Pencairan tukin butuh Perpres baru, Komisi X akan kawal proses ini hingga tuntas.

Via @detik_edu  https://t.co/nxZgqcxLjO",,0,8,[]
1885236372556177545,2025-01-31 07:59:11+00:00,gokepri,"Kota Batam, Kepulauan Riau","Kemdiktisaintek jelaskan alasan tunjangan kinerja dosen ASN 2020-2024 tak cair. Anggaran Rp2,5 triliun dari DPR diusulkan sebagai solusi awal. https://t.co/aQ3pJhLVEi",,0,0,[]
1879488116320289036,2025-01-15 11:17:40+00:00,Kompas Muda,"ÜT: 62.478419,21.330711","Janji pemerintah untuk mulai membayarkan tunjangan kinerja dosen ASN  Kemendiktisaintek mulai januari 2025 tetap ditagih. Pemerintah diminta memperjuangkan anggaran. #Humaniora #AdadiKompas

https://t.co/v8ccq5gzqV",,0,0,"['Humaniora', 'AdadiKompas']"
1880580507429421435,2025-01-18 11:38:27+00:00,suaraindonews.com,Jakarta Capital Region,Azhari Cage Desak Presiden Segera Atasi Tunggakan Tunjangan Kinerja Dosen ASN https://t.co/fE2MBL5SxF https://t.co/M7J6bSD6So,,0,0,[]
1877205968007696709,2025-01-09 04:09:14+00:00,h.p.wiratraman,"Yogyakarta, Indonesia","Paradoks anggaran!

Mendikti Saintek, ajukan anggaran Tukin Dosen, Rp 2,8 triliun. 2025, tak bisa dipenuhi karena tak ada anggaran. 

Menko Pangan, Zulkifli Hasan, anggaran makan siang gratis, diproyeksikan tembus Rp 420 triliun (Jan sd. Des 2025). 

https://t.co/pAA6084iFN",,1,61,[]
1877164476996128948,2025-01-09 01:24:22+00:00,Dimas Imron Rosadi,"Madiun, East Java, Indonesia","Alangkah Lucunya Pendidikan Negeri Ini
https://t.co/yHIbUNpvFe",,0,0,[]
1880210589152358409,2025-01-17 11:08:31+00:00,Amru,Indonesia,"Kita sebenernya seneng ada program ini
Tapi..
Kalau kondisi keuangan negara aman
Masalahnya ini sangat terkesan dipaksakan, sampai yg paling fatal ngehilangin tunjangan kinerja dosen ASN",,0,2,[]
1882195621135651176,2025-01-22 22:36:20+00:00,𝖆-𝖎𝖒𝖆𝖓,dʒəmɪrəˈwaɪ,"Kementerian Keuangan Disebut Setujui Anggaran Tunjangan Kinerja Dosen ASN Rp 2,5 Triliun. Wakil Ketua Komisi X DPR RI Lalu Hadrian Irfani mengatakan Kementerian Keuangan setujui anggaran tunjangan kinerja dosen Aparatur Sipil Negara (ASN) https://t.co/aa9GaiFvs3",,0,0,[]
1880529167718215871,2025-01-18 08:14:26+00:00,GusBeng Bali,"Jembrana, Bali","#DosenDimiskinkanNegara
#DosenBukanSapiPerahan#
#BayarTukinRapelDosenAsnKrmndiktisaintek#
Tunjangan kinerja dosen ASN Kemendikti 'tak dianggarkan' karena perubahan nomenklatur - 'Itu ngelesnya pemerintah saja' - BBC News Indonesia https://t.co/l0dYetDUwi",,0,6,['DosenDimiskinkanNegara']
1876890693190270990,2025-01-08 07:16:26+00:00,prajna,Jakarta Capital Region,"Tunjangan profesi dan gaji dosen ASN per bulan

Sumber: Tempo (https://t.co/LwURijHpmz) https://t.co/BzpcdSQkGX",1876890452265165220,1,1,[]
1886417081052299386,2025-02-03 14:10:54+00:00,na,ic: lamentover | 25,"Tunjangan kinerja dosen ASN ❌
Buzzer, influencer, printilan stafsus yadda yadda yang gajelas kinerjanya tapi gajinya gede ✅",,0,5,[]
1880509955817762869,2025-01-18 06:58:06+00:00,Zoom project,,"proyek yang TIDAK JELAS manfaatnya seperti IKN di stop saja, alihkan ke Tunjangan Kinerja DOSEN ASN KEMENRISTEKDIKTI, mereka TIDAK pernah dapat TUNJANGAN KINERJA, take home pay hanya 2-3juta, kalah sama lulusan SMA. ada yang lulusan S3 nyambi jadi OJOL.
#DosenDimiskinkanNegara",,0,0,['DosenDimiskinkanNegara']
1880446117990789577,2025-01-18 02:44:26+00:00,MonkeyDisana,Yogyakarta,"Ayo bayar Tunjangan Kinerja Dosen ASN kemendikti saintek januari 2025, sudah 5 tahun dari 2020 belum dibayarkan
@Itjen_Kemdikbud 
@tukin_dosenASN 
@NajwaShihab 
@prastow 
#bayartukindosenkemdiktisaintek",,0,33,['bayartukindosenkemdiktisaintek']
1877943001387016338,2025-01-11 04:57:56+00:00,🅿️⭕RTAL📺,Karawang,"Pemerintahan Tukang Potong Tunjangan &amp; Kesejahteraan
#GantungAguanCinaTamak 
#RebutTanahRakyatPIK2 
#GantungJokowiKoruptor 
#polisijahat 
#percumalaporpolisi 
#JokowiTerkorupOCCRP 
#PrabowoPresidenBoneka 
#JokowiRajaKorup 
Pagii  Gus Miftah / Puan / SMTOWN
https://t.co/bIOeEkuFHE",,0,2,"['GantungAguanCinaTamak', 'RebutTanahRakyatPIK2', 'GantungJokowiKoruptor', 'polisijahat', 'percumalaporpolisi', 'JokowiTerkorupOCCRP', 'PrabowoPresidenBoneka', 'JokowiRajaKorup']"
1877522294072807876,2025-01-10 01:06:12+00:00,Arya Duta Boekanᵗᵐ,🇮🇩 Indonesia,"Para pejabat Kementerian Pendidikan Tinggi perlu berlatih mencari alasan lain. Argumen penghapusan tunjangan dosen ASN karena pemisahan dan nomenklatur baru, gugur karena pegawai kementerian lain yang lembaganya dibelah, tetap mendapat tunjangan kinerja.
https://t.co/exfWw5MsLK",,0,1,[]
1879814504059691397,2025-01-16 08:54:37+00:00,DPD Demokrat Sumbar,"Padang, Indonesia","Tingkatkan Kesejahteraan Dosen, Demokrat Harap Tunjangan Kinerja Dosen ASN Segera Dibayarkan

Bramantyo Suwondo
Anggota Komisi X DPR RI Fraksi Partai Demokrat https://t.co/eBPnkgWPm6",,0,0,[]
1880497735050346836,2025-01-18 06:09:32+00:00,Nindya,,"Bayar hak tunjangan kinerja dosen asn kemdiktisaintek sejak tahun 2020, dosen adalah ruh universitas, tanpa dosen universitas hanya seogok bangunan. Dosen adalah Pegawai @tukin_dosenASN  #bayartukindosenasnkemdiktisaintek #bayartukindosenkemdiktisaintek #dosendimiskinkannegara",,0,2,"['bayartukindosenasnkemdiktisaintek', 'bayartukindosenkemdiktisaintek', 'dosendimiskinkannegara']"
1877572132646813865,2025-01-10 04:24:14+00:00,Anti Premanisme !,"Jakarta Timur, DKI Jakarta","Ketidak berpihakan @prabowo pada Pendidikan !

Dosen Tidak Dapat Tukin di APBN 2025, Pemerintah Didesak Perjelas Status Tunjangan Kinerja Dosen ASN: Harus Ada Perpres
https://t.co/bp1ALOOcGd",,0,0,[]
1886034961997889995,2025-02-02 12:52:30+00:00,g-news.id,,"Tunjangan Kinerja Dosen ASN Terhenti Sejak 2020, Adaksi Siap Gelar Demo Besar

https://t.co/WOnp4N3a2H",,0,0,[]
1886930348485042490,2025-02-05 00:10:27+00:00,Radio Idola Semarang,"Semarang, Jawa Tengah","Topik Diskusi Pagi ini: Menyoroti Polemik Tunjangan Kinerja Dosen ASN. Berikut pandangan Pengamat pendidikan Universitas Negeri Semarang; Edi Subkhan, M.Pd  #NOW #LIVE #tunjangan #tukin #dosen #asn cc: @unneskonservasi",,0,0,"['NOW', 'LIVE', 'tunjangan', 'tukin', 'dosen', 'asn']"
1886742720615735550,2025-02-04 11:44:53+00:00,tempo.co,Indonesia,Sekretaris Jenderal Kementerian Pendidikan Tinggi Togar Mangihut Simatupang mengakui surat edaran itu dan membenarkan bahwa kewajiban untuk membayar tunjangan kinerja dosen ASN yang belum dibayar sejak 2020 sampai 2024 memang bukan tanggung jawab mereka.,1886742716597575838,3,38,[]
1886198001292767358,2025-02-02 23:40:22+00:00,Reza Riansyah,,"Sangat wajar mereka nuntut hak mereka dibayarkan selama lima tahun. Karena belum pernah dibayarkan belasan tahun.. tunjangan kinerja dosen asn @tukin_dosenASN @corbuzier @kikysaputrii @fatihandhika 

#tukinforall #bayartukinkemdiktisaintek #dosenbukansapiperah",,0,2,"['tukinforall', 'bayartukinkemdiktisaintek', 'dosenbukansapiperah']"
1880429298643026140,2025-01-18 01:37:36+00:00,stress out,,"Proyek yang TIDAK JELAS manfaatnya seperti IKN di stop saja, alihkan ke Tunjangan Kinerja DOSEN ASN KEMENRISTEKDIKTI, mereka TIDAK pernah dapat TUNJANGAN KINERJA, take home pay hanya 2-3juta, kalah sama lulusan SMA. ada yang lulusan S3 nyambi jadi OJOL.

#DosenDimiskinkanNegara",,0,1,['DosenDimiskinkanNegara']
1876891013865681192,2025-01-08 07:17:43+00:00,prajna,Jakarta Capital Region,Tunjangan Dosen Dihapus Karena Anggarannya Belum Ada https://t.co/LwURijHpmz,,0,0,[]
1887004022105891131,2025-02-05 05:03:12+00:00,Radio Idola Semarang,"Semarang, Jawa Tengah","#Podcast #TopicOfTheDay Diskusi @RadioIdolaSMG : Menyoroti Polemik Tunjangan Kinerja Dosen ASN 

https://t.co/nhKHfcSQM8 lewat @RadioIdolaSMG",,0,0,"['Podcast', 'TopicOfTheDay']"
1879125757517307981,2025-01-14 11:17:47+00:00,taharudddin,,"@PelatihT1dur Ironi memang
https://t.co/N8YXGLGwEB",1879098331328360937,0,0,[]
1880456532258877618,2025-01-18 03:25:49+00:00,MonkeyDisana,Yogyakarta,"Diskriminasi keterlaluan kemendikti saintek, bayar tunjangan kinerja dosen asn kemendikti saintek januari 2025 , cc ⁦@NajwaShihab⁩ ⁦@tukin_dosenASN⁩ #bayartukindosenkemdiktisaintek  https://t.co/SAKSgDD7SB",,0,3,['bayartukindosenkemdiktisaintek']
1881511050971062655,2025-01-21 01:16:05+00:00,joki,,@hansdavidian Kita mendukung Pak Menteri Satrio memutasi pegawai yg tidak mencairkan Tunjangan Kinerja Dosen ASN sejak 2020 🙏🏻 # Bayarkan Tukin Dosen ASN #,1881357642809159838,0,0,[]
1880557497087558024,2025-01-18 10:07:01+00:00,Tg2007,,"Awalilah jabatan Mentri mu dengan kebaikan, yang paling utama bayarkan hak tunjangan kinerja Dosen ASN Kemendiktisaintek. 

Langkah pertamamu menentukan tingkat amanahmu pak Mentri. 

@tukin_dosenASN 

#DosenDimiskinkanNegara
#dosenbukansapiperah
#bayar",,0,1,"['DosenDimiskinkanNegara', 'dosenbukansapiperah', 'bayar']"
1874421609160990824,2025-01-01 11:45:11+00:00,MCR,,"@mirailandscape @irwndfrry @ardisatriawan Bayarkan Tunjangan Kinerja Dosen ASN. Selayaknya ASN lain. Jangan buta mata mati hati 
@Kemdiktisaintek",1874329940658970731,0,5,[]
1886431540688896026,2025-02-03 15:08:22+00:00,Wong Deso,Jakarta Capital Region,"@tempodotco Maunya apa sih pemerintah ! 
Dosen itu sperti guru juga. Yg mengajarkan ilmu. Bukan ngajarin jdi koruptor dll ! 
Masak tunjangan kinerja dosen asn di hapus. Gilak ! Yg hrusnya dihilangkan itu tunjangan pejabat dri bawah smpai atas, tunjangan anggota2 dewan, yg nilainya gilak !",1886404270418968782,0,6,[]
1881606982735675717,2025-01-21 07:37:17+00:00,DiasWU,"Blitar, Jawa Timur","@OlgaLy_DIA Tunjangan Kinerja Dosen ASN dan kewajiban pengupahan dosen non-ASN sesuai UMR dia cabut, eh dianya ribut soal air.. Dosen non-ASN yg gajinya cuma ratusan ribu tuh pikirin!!",1881505755146387856,0,0,[]
1880046885886468507,2025-01-17 00:18:01+00:00,DetikFinance,"Jakarta, Indonesia",Menteri Pendidikan Tinggi Satryo Soemantri mengungkapkan tunjangan kinerja dosen ASN kemungkinan cair pada 2025 setelah tertunda lima tahun. https://t.co/Yd7eSTEzpI,,0,0,[]
1878431607457235221,2025-01-12 13:19:29+00:00,tamburgey,,@Dee_Rose82 Ini yang perlu diringkus... Negara kaga sanggup bayar tunjangan kinerja dosen ASN... Bayar orang goblok keliling keliling bisa...,1878382898778136833,0,0,[]
1880489122185515367,2025-01-18 05:35:19+00:00,Tg2007,,"Ayo bayar Tunjangan Kinerja Dosen ASN Kemendiktisaintek. 

Stop Diskriminasi pada Dosen ASN Kemendiktisaintek!

@tukin_dosenASN

#bayartukindosenkemdiktisaintek 
#DosenDimiskinkanNegara
#dosenbukansapiperah",,0,1,"['bayartukindosenkemdiktisaintek', 'DosenDimiskinkanNegara', 'dosenbukansapiperah']"
1881493794996244562,2025-01-21 00:07:31+00:00,joki,,"@hrdbacot Kita mendukung Pak Menteri Satrio memutasi pegawai yg tidak mencairkan Tunjangan Kinerja Dosen ASN sejak 2020 🙏🏻
#SatryoSoemantriBrodjonegoro
 #BayarkanTukinDosenASN 
#prabowo",1881326658340413479,0,0,"['SatryoSoemantriBrodjonegoro', 'BayarkanTukinDosenASN', 'prabowo']"
1877653578699223355,2025-01-10 09:47:52+00:00,Beby Sweet,,"Naini baru berita😄

https://t.co/8vzlU8DlWp https://t.co/UEuOLLUuQg",,5,26,[]
1883317656260133255,2025-01-26 00:54:54+00:00,MonkeyDisana,Yogyakarta,"@prastow Tunjangan Kinerja Dosen ASN Kemdikti Saintek saja belum dibayarkan sejak 2020 pak, dari tahun ke tahun 2025 berdalih lupa dianggarkan, berganti ganti nomenklatur",1883067080913858876,0,1,[]
1880872251001917597,2025-01-19 06:57:44+00:00,MCR,,"@PNS_Ababil Tunjangan Kinerja Dosen ASN @Kemdiktisaintek yang tidak dibayarkan sejak 2020 era Nadiem, sekarang era Satriyo kelimpungan nyari dana. Ada sih kalau mau diusahain",1880844617312305610,2,22,[]
1886335560928866642,2025-02-03 08:46:58+00:00,rakyat biasa,,Klo temen2 gw mah kebanyakan dosen tetap di universitas swasta jadi kayanya mah aman gajiannya. 🤔gw penasaran emang berapa duit ya gaji  + tunjangan kinerja dosen ASN? 🤔,,0,0,[]
1886253386686968268,2025-02-03 03:20:26+00:00,hendra,,"@tempodotco tukin dosen sudah dihapus 
https://t.co/uuuf0pXHTQ",1886231219207282706,0,0,[]
1885009953158815804,2025-01-30 16:59:29+00:00,Wahyu Putra Ramadhan,Indonesia,"@BetaEpsilonPhi Makanya argumen tunjangan kinerja dosen ASN tidak bisa dibayar karena anggaran tidak diajukan itu tolol. Orang udah berkinerja, udah keluar keringat, ya wajib dibayar haknya.",1884775233732895130,0,0,[]
1877810713978347567,2025-01-10 20:12:16+00:00,𝓐𝓵𝓲 𝓜𝓾𝓽𝓪𝓼𝓸𝔀𝓲𝓯𝓲𝓷,,"Prabowo @prabowo makin amatiran mengurus negara @Gerindra @Kemdiktisaintek 
https://t.co/n0GwasUHvh",,0,0,[]
1886228290404553107,2025-02-03 01:40:43+00:00,Damar Juniores,Indonesia,"@republikaonline Sementara anggaran infrastruktur,pendidikan &amp; kesehatan dipotong gede2an &amp; tunjangan kinerja dosen ASN kemungkinan ditiadakan
Makin keliatan jelas orientasi rezim utk masa depan generasi muda kita itu sangat rendah",1885915371242410202,0,0,[]
1878801078436974775,2025-01-13 13:47:38+00:00,MonkeyDisana,Yogyakarta,"@ragitempe Lebih tepatnya tunjangan kinerja dosen asn kemendikti saintek belum dibayarkan sejak 2020, hak dasar dosen belum dibayar negara",1878420989022769474,1,0,[]
1886935602425426130,2025-02-05 00:31:19+00:00,Radio Idola Semarang,"Semarang, Jawa Tengah","Topik Diskusi Pagi ini: Menyoroti Polemik Tunjangan Kinerja Dosen ASN. Berikut pandangan Dekan Fakultas Ilmu Administrasi Universitas Brawijaya Malang; Prof Andy Fefta Wijaya #NOW #LIVE #tunjangan #tukin #dosen #asn cc:
@UB_Official",,0,0,"['NOW', 'LIVE', 'tunjangan', 'tukin', 'dosen', 'asn']"
1879864793890501047,2025-01-16 12:14:27+00:00,MonkeyDisana,Yogyakarta,@BocorAlusPol Bahas tunjangan kinerja dosen asn kemendikti saintek min,1879852924068897221,0,3,[]
1881024011762606235,2025-01-19 17:00:46+00:00,MSNIndonesia,Indonesia,"Kabar Baik Buat Dosen, Pemerintah Setujui Tunjangan Kinerja Dosen ASN
https://t.co/wDFIHrK8Ue",,0,0,[]
1879054515166666788,2025-01-14 06:34:42+00:00,txtdrinvestor,,"Padahal, Wakil Ketua Komisi X DPR, Lalu Hadrian Irfani, menegaskan bahwa pihaknya terus mendorong pencairan tukin. Hadrian mengungkapkan bahwa Kemendikti Saintek sebenarnya telah mengajukan Rp 10 triliun, namun yang disetujui hanya Rp 2,5 triliun. https://t.co/5y2F4TrpjQ",1879054512880799954,1,0,[]
1877185384032952745,2025-01-09 02:47:26+00:00,Benydictus Siumlala,North Korea,"Sementara, tukin tertinggi Masih dipegang oleh Direktorat Jenderal Pajak berdasarkan Perpres 37/2015 sebagaimana diubah dengan Perpres 96/2017.

https://t.co/PSxc9XrmfC",,1,1,[]
1878334816976093332,2025-01-12 06:54:52+00:00,Nindya,,"@tukin_dosenASN 11 tahun tukin tidak diberikan, 5 tahun tertunda, mau sampai kapan lagi itu tidak diurus. segera cairkan tunjangan kinerja dosen asn. bisa riset/tidak, sudah serdos/tidak, tukin hak dosen asn, kami pegawai kemendikti.",1878287353925550323,0,0,[]
